,id,name,gender,password,birth,account,district
0,1,zhg,female,111,2000-11-11,dcwel@pitt.edu,9
1,2,zhg,female,111,2000-11-11,58yn5@pitt.edu,9
2,3,zhg,female,111,2000-11-11,or36d@pitt.edu,9
3,4,zhg,female,111,2000-11-11,ftl7n@pitt.edu,9
4,5,zhg,female,111,2000-11-11,jgyxh@pitt.edu,9
5,6,zhg,female,111,2000-11-11,65sps@pitt.edu,9
6,7,zhg,female,111,2000-11-11,3a8n6@pitt.edu,9
7,8,zhg,female,111,2000-11-11,yrcug@pitt.edu,9
8,9,zhg,female,111,2000-11-11,hpahr@pitt.edu,9
9,10,zhg,female,111,2000-11-11,k3i6p@pitt.edu,9
10,11,zhg,female,111,2000-11-11,zz4gj@pitt.edu,9
11,12,zhg,female,111,2000-11-11,1b84a@pitt.edu,9
12,13,zhg,female,111,2000-11-11,uzlia@pitt.edu,9
13,14,zhg,female,111,2000-11-11,hhjro@pitt.edu,9
14,15,zhg,female,111,2000-11-11,2tazo@pitt.edu,9
15,16,zhg,female,111,2000-11-11,e5v1j@pitt.edu,9
16,17,zhg,female,111,2000-11-11,uukox@pitt.edu,9
17,18,zhg,female,111,2000-11-11,v9727@pitt.edu,9
18,19,zhg,female,111,2000-11-11,xvqrt@pitt.edu,9
19,20,zhg,female,111,2000-11-11,bt2vy@pitt.edu,9
20,21,zhg,female,111,2000-11-11,hutgw@pitt.edu,9
21,22,zhg,female,111,2000-11-11,1wre3@pitt.edu,9
22,23,zhg,female,111,2000-11-11,d9pxe@pitt.edu,9
23,24,zhg,female,111,2000-11-11,kkb4i@pitt.edu,9
24,25,zhg,female,111,2000-11-11,2vljc@pitt.edu,9
25,26,zhg,female,111,2000-11-11,iby2y@pitt.edu,9
26,27,zhg,female,111,2000-11-11,shnsq@pitt.edu,9
27,28,zhg,female,111,2000-11-11,m5tbi@pitt.edu,9
28,29,zhg,female,111,2000-11-11,1pyf2@pitt.edu,9
29,30,zhg,female,111,2000-11-11,7kmds@pitt.edu,9
30,31,zhg,female,111,2000-11-11,pnqcr@pitt.edu,9
31,32,zhg,female,111,2000-11-11,rg3n3@pitt.edu,9
32,33,zhg,female,111,2000-11-11,drtdh@pitt.edu,9
33,34,zhg,female,111,2000-11-11,obnpd@pitt.edu,9
34,35,zhg,female,111,2000-11-11,2ufk4@pitt.edu,9
35,36,zhg,female,111,2000-11-11,ikg1d@pitt.edu,9
36,37,zhg,female,111,2000-11-11,g7cjz@pitt.edu,9
37,38,zhg,female,111,2000-11-11,ogtrv@pitt.edu,9
38,39,zhg,female,111,2000-11-11,eumov@pitt.edu,9
39,40,zhg,female,111,2000-11-11,1i6ng@pitt.edu,9
40,41,zhg,female,111,2000-11-11,x5y2a@pitt.edu,9
41,42,zhg,female,111,2000-11-11,axdrx@pitt.edu,9
42,43,zhg,female,111,2000-11-11,7e87d@pitt.edu,9
43,44,zhg,female,111,2000-11-11,nnf7u@pitt.edu,9
44,45,zhg,female,111,2000-11-11,u7b1l@pitt.edu,9
45,46,zhg,female,111,2000-11-11,r9k1s@pitt.edu,9
46,47,zhg,female,111,2000-11-11,gwgub@pitt.edu,9
47,48,zhg,female,111,2000-11-11,nb8ze@pitt.edu,9
48,49,zhg,female,111,2000-11-11,w87el@pitt.edu,9
49,50,zhg,female,111,2000-11-11,tfl6z@pitt.edu,9
50,51,zhg,female,111,2000-11-11,pnkef@pitt.edu,9
51,52,zhg,female,111,2000-11-11,98fy4@pitt.edu,9
52,53,zhg,female,111,2000-11-11,uwp8k@pitt.edu,9
53,54,zhg,female,111,2000-11-11,16r6e@pitt.edu,9
54,55,zhg,female,111,2000-11-11,287vc@pitt.edu,9
55,56,zhg,female,111,2000-11-11,59hcv@pitt.edu,9
56,57,zhg,female,111,2000-11-11,jprma@pitt.edu,9
57,58,zhg,female,111,2000-11-11,3slzk@pitt.edu,9
58,59,zhg,female,111,2000-11-11,riywz@pitt.edu,9
59,60,zhg,female,111,2000-11-11,venf4@pitt.edu,9
60,61,zhg,female,111,2000-11-11,dtioq@pitt.edu,9
61,62,zhg,female,111,2000-11-11,q7i5q@pitt.edu,9
62,63,zhg,female,111,2000-11-11,7xhal@pitt.edu,9
63,64,zhg,female,111,2000-11-11,jpxzb@pitt.edu,9
64,65,zhg,female,111,2000-11-11,5r357@pitt.edu,9
65,66,zhg,female,111,2000-11-11,pj1l8@pitt.edu,9
66,67,zhg,female,111,2000-11-11,q3kez@pitt.edu,9
67,68,zhg,female,111,2000-11-11,dzb6h@pitt.edu,9
68,69,zhg,female,111,2000-11-11,5ach1@pitt.edu,9
69,70,zhg,female,111,2000-11-11,w1rhw@pitt.edu,9
70,71,zhg,female,111,2000-11-11,thgx7@pitt.edu,9
71,72,zhg,female,111,2000-11-11,mwb58@pitt.edu,9
72,73,zhg,female,111,2000-11-11,32b6w@pitt.edu,9
73,74,zhg,female,111,2000-11-11,j4tna@pitt.edu,9
74,75,zhg,female,111,2000-11-11,2iuhv@pitt.edu,9
75,76,zhg,female,111,2000-11-11,uchp6@pitt.edu,9
76,77,zhg,female,111,2000-11-11,r3kn7@pitt.edu,9
77,78,zhg,female,111,2000-11-11,gk3bf@pitt.edu,9
78,79,zhg,female,111,2000-11-11,5sjtg@pitt.edu,9
79,80,zhg,female,111,2000-11-11,ppind@pitt.edu,9
80,81,zhg,female,111,2000-11-11,vik7t@pitt.edu,9
81,82,zhg,female,111,2000-11-11,v865a@pitt.edu,9
82,83,zhg,female,111,2000-11-11,9alxm@pitt.edu,9
83,84,zhg,female,111,2000-11-11,kpq7d@pitt.edu,9
84,85,zhg,female,111,2000-11-11,7lmj7@pitt.edu,9
85,86,zhg,female,111,2000-11-11,rgvcs@pitt.edu,9
86,87,zhg,female,111,2000-11-11,x57ef@pitt.edu,9
87,88,zhg,female,111,2000-11-11,kgmy2@pitt.edu,9
88,89,zhg,female,111,2000-11-11,7xoks@pitt.edu,9
89,90,zhg,female,111,2000-11-11,6aat4@pitt.edu,9
90,91,zhg,female,111,2000-11-11,eonu2@pitt.edu,9
91,92,zhg,female,111,2000-11-11,caqo8@pitt.edu,9
92,93,zhg,female,111,2000-11-11,64gb7@pitt.edu,9
93,94,zhg,female,111,2000-11-11,6ztgl@pitt.edu,9
94,95,zhg,female,111,2000-11-11,jndf4@pitt.edu,9
95,96,zhg,female,111,2000-11-11,r1o6l@pitt.edu,9
96,97,zhg,female,111,2000-11-11,o9tqo@pitt.edu,9
97,98,zhg,female,111,2000-11-11,oq8wh@pitt.edu,9
98,99,zhg,female,111,2000-11-11,ajikg@pitt.edu,9
99,100,zhg,female,111,2000-11-11,e1r9t@pitt.edu,9
100,101,zhg,female,111,2000-11-11,k2gss@pitt.edu,9
101,102,zhg,female,111,2000-11-11,798vm@pitt.edu,9
102,103,zhg,female,111,2000-11-11,u1xvv@pitt.edu,9
103,104,zhg,female,111,2000-11-11,22c89@pitt.edu,9
104,105,zhg,female,111,2000-11-11,ufdpj@pitt.edu,9
105,106,zhg,female,111,2000-11-11,2rz18@pitt.edu,9
106,107,zhg,female,111,2000-11-11,mxiiz@pitt.edu,9
107,108,zhg,female,111,2000-11-11,hl3df@pitt.edu,9
108,109,zhg,female,111,2000-11-11,zx9sl@pitt.edu,9
109,110,zhg,female,111,2000-11-11,r1tud@pitt.edu,9
110,111,zhg,female,111,2000-11-11,9er3k@pitt.edu,9
111,112,zhg,female,111,2000-11-11,r694x@pitt.edu,9
112,113,zhg,female,111,2000-11-11,y5nmx@pitt.edu,9
113,114,zhg,female,111,2000-11-11,15grd@pitt.edu,9
114,115,zhg,female,111,2000-11-11,hcjjv@pitt.edu,9
115,116,zhg,female,111,2000-11-11,gtuxv@pitt.edu,9
116,117,zhg,female,111,2000-11-11,7d4po@pitt.edu,9
117,118,zhg,female,111,2000-11-11,g2xri@pitt.edu,9
118,119,zhg,female,111,2000-11-11,jyub9@pitt.edu,9
119,120,zhg,female,111,2000-11-11,b75nr@pitt.edu,9
120,121,zhg,female,111,2000-11-11,65qdm@pitt.edu,9
121,122,zhg,female,111,2000-11-11,g1hue@pitt.edu,9
122,123,zhg,female,111,2000-11-11,6td8l@pitt.edu,9
123,124,zhg,female,111,2000-11-11,f6xay@pitt.edu,9
124,125,zhg,female,111,2000-11-11,pjcam@pitt.edu,9
125,126,zhg,female,111,2000-11-11,ekow3@pitt.edu,9
126,127,zhg,female,111,2000-11-11,lwdmx@pitt.edu,9
127,128,zhg,female,111,2000-11-11,kbz98@pitt.edu,9
128,129,zhg,female,111,2000-11-11,lwp2v@pitt.edu,9
129,130,zhg,female,111,2000-11-11,x88w8@pitt.edu,9
130,131,zhg,female,111,2000-11-11,716vz@pitt.edu,9
131,132,zhg,female,111,2000-11-11,y5tsr@pitt.edu,9
132,133,zhg,female,111,2000-11-11,axs9v@pitt.edu,9
133,134,zhg,female,111,2000-11-11,vomrn@pitt.edu,9
134,135,zhg,female,111,2000-11-11,cgcmk@pitt.edu,9
135,136,zhg,female,111,2000-11-11,6gxo4@pitt.edu,9
136,137,zhg,female,111,2000-11-11,1p6t5@pitt.edu,9
137,138,zhg,female,111,2000-11-11,o72y2@pitt.edu,9
138,139,zhg,female,111,2000-11-11,mc5gr@pitt.edu,9
139,140,zhg,female,111,2000-11-11,mehjd@pitt.edu,9
140,141,zhg,female,111,2000-11-11,puc33@pitt.edu,9
141,142,zhg,female,111,2000-11-11,it1vy@pitt.edu,9
142,143,zhg,female,111,2000-11-11,o5ti4@pitt.edu,9
143,144,zhg,female,111,2000-11-11,adroc@pitt.edu,9
144,145,zhg,female,111,2000-11-11,umspr@pitt.edu,9
145,146,zhg,female,111,2000-11-11,1ch7f@pitt.edu,9
146,147,zhg,female,111,2000-11-11,kf21d@pitt.edu,9
147,148,zhg,female,111,2000-11-11,5kvmj@pitt.edu,9
148,149,zhg,female,111,2000-11-11,9fqop@pitt.edu,9
149,150,zhg,female,111,2000-11-11,uuc3v@pitt.edu,9
150,151,zhg,female,111,2000-11-11,3adg7@pitt.edu,9
151,152,zhg,female,111,2000-11-11,6j5h8@pitt.edu,9
152,153,zhg,female,111,2000-11-11,fr2hi@pitt.edu,9
153,154,zhg,female,111,2000-11-11,dh5rh@pitt.edu,9
154,155,zhg,female,111,2000-11-11,xwqi2@pitt.edu,9
155,156,zhg,female,111,2000-11-11,w81ea@pitt.edu,9
156,157,zhg,female,111,2000-11-11,xxa3b@pitt.edu,9
157,158,zhg,female,111,2000-11-11,4jt8h@pitt.edu,9
158,159,zhg,female,111,2000-11-11,dwi79@pitt.edu,9
159,160,zhg,female,111,2000-11-11,9fwf1@pitt.edu,9
160,161,zhg,female,111,2000-11-11,5g282@pitt.edu,9
161,162,zhg,female,111,2000-11-11,df5x8@pitt.edu,9
162,163,zhg,female,111,2000-11-11,cvfft@pitt.edu,9
163,164,zhg,female,111,2000-11-11,ll2os@pitt.edu,9
164,165,zhg,female,111,2000-11-11,exo6k@pitt.edu,9
165,166,zhg,female,111,2000-11-11,kf147@pitt.edu,9
166,167,zhg,female,111,2000-11-11,ocnx3@pitt.edu,9
167,168,zhg,female,111,2000-11-11,tsl2b@pitt.edu,9
168,169,zhg,female,111,2000-11-11,3e5y4@pitt.edu,9
169,170,zhg,female,111,2000-11-11,uacsp@pitt.edu,9
170,171,zhg,female,111,2000-11-11,ttm8q@pitt.edu,9
171,172,zhg,female,111,2000-11-11,96sxk@pitt.edu,9
172,173,zhg,female,111,2000-11-11,pbf2o@pitt.edu,9
173,174,zhg,female,111,2000-11-11,wc13f@pitt.edu,9
174,175,zhg,female,111,2000-11-11,nl47e@pitt.edu,9
175,176,zhg,female,111,2000-11-11,rya8x@pitt.edu,9
176,177,zhg,female,111,2000-11-11,xvdb9@pitt.edu,9
177,178,zhg,female,111,2000-11-11,j3agq@pitt.edu,9
178,179,zhg,female,111,2000-11-11,3ou8u@pitt.edu,9
179,180,zhg,female,111,2000-11-11,3d46l@pitt.edu,9
180,181,zhg,female,111,2000-11-11,7q5zj@pitt.edu,9
181,182,zhg,female,111,2000-11-11,ig27t@pitt.edu,9
182,183,zhg,female,111,2000-11-11,2oi2q@pitt.edu,9
183,184,zhg,female,111,2000-11-11,keg1z@pitt.edu,9
184,185,zhg,female,111,2000-11-11,a4s4p@pitt.edu,9
185,186,zhg,female,111,2000-11-11,8zcb8@pitt.edu,9
186,187,zhg,female,111,2000-11-11,hvbul@pitt.edu,9
187,188,zhg,female,111,2000-11-11,1tmp7@pitt.edu,9
188,189,zhg,female,111,2000-11-11,c65lm@pitt.edu,9
189,190,zhg,female,111,2000-11-11,es2dw@pitt.edu,9
190,191,zhg,female,111,2000-11-11,16aq7@pitt.edu,9
191,192,zhg,female,111,2000-11-11,4g929@pitt.edu,9
192,193,zhg,female,111,2000-11-11,hbsv3@pitt.edu,9
193,194,zhg,female,111,2000-11-11,mczqv@pitt.edu,9
194,195,zhg,female,111,2000-11-11,siro3@pitt.edu,9
195,196,zhg,female,111,2000-11-11,plei6@pitt.edu,9
196,197,zhg,female,111,2000-11-11,szysa@pitt.edu,9
197,198,zhg,female,111,2000-11-11,zl1c9@pitt.edu,9
198,199,zhg,female,111,2000-11-11,ohjc6@pitt.edu,9
199,200,zhg,female,111,2000-11-11,cl6br@pitt.edu,9
200,201,zhg,female,111,2000-11-11,ex6iz@pitt.edu,9
201,202,zhg,female,111,2000-11-11,t2jqh@pitt.edu,9
202,203,zhg,female,111,2000-11-11,ejbyn@pitt.edu,9
203,204,zhg,female,111,2000-11-11,tvmqs@pitt.edu,9
204,205,zhg,female,111,2000-11-11,rlto4@pitt.edu,9
205,206,zhg,female,111,2000-11-11,ejnbd@pitt.edu,9
206,207,zhg,female,111,2000-11-11,ftzpl@pitt.edu,9
207,208,zhg,female,111,2000-11-11,eciya@pitt.edu,9
208,209,zhg,female,111,2000-11-11,vop6y@pitt.edu,9
209,210,zhg,female,111,2000-11-11,axq3p@pitt.edu,9
210,211,zhg,female,111,2000-11-11,1rvla@pitt.edu,9
211,212,zhg,female,111,2000-11-11,civwq@pitt.edu,9
212,213,zhg,female,111,2000-11-11,hxa7d@pitt.edu,9
213,214,zhg,female,111,2000-11-11,ajmvd@pitt.edu,9
214,215,zhg,female,111,2000-11-11,dawh1@pitt.edu,9
215,216,zhg,female,111,2000-11-11,shul9@pitt.edu,9
216,217,zhg,female,111,2000-11-11,w5ah8@pitt.edu,9
217,218,zhg,female,111,2000-11-11,6qo1z@pitt.edu,9
218,219,zhg,female,111,2000-11-11,o28ts@pitt.edu,9
219,220,zhg,female,111,2000-11-11,u1m9z@pitt.edu,9
220,221,zhg,female,111,2000-11-11,qfi3a@pitt.edu,9
221,222,zhg,female,111,2000-11-11,pt4d3@pitt.edu,9
222,223,zhg,female,111,2000-11-11,fymh5@pitt.edu,9
223,224,zhg,female,111,2000-11-11,oiaxf@pitt.edu,9
224,225,zhg,female,111,2000-11-11,wplv2@pitt.edu,9
225,226,zhg,female,111,2000-11-11,o5luj@pitt.edu,9
226,227,zhg,female,111,2000-11-11,b9rer@pitt.edu,9
227,228,zhg,female,111,2000-11-11,4nwir@pitt.edu,9
228,229,zhg,female,111,2000-11-11,wgsil@pitt.edu,9
229,230,zhg,female,111,2000-11-11,lg6m3@pitt.edu,9
230,231,zhg,female,111,2000-11-11,7r6ox@pitt.edu,9
231,232,zhg,female,111,2000-11-11,mq8sh@pitt.edu,9
232,233,zhg,female,111,2000-11-11,5ijxn@pitt.edu,9
233,234,zhg,female,111,2000-11-11,kgriu@pitt.edu,9
234,235,zhg,female,111,2000-11-11,hous5@pitt.edu,9
235,236,zhg,female,111,2000-11-11,i2d2e@pitt.edu,9
236,237,zhg,female,111,2000-11-11,d1zna@pitt.edu,9
237,238,zhg,female,111,2000-11-11,mitc2@pitt.edu,9
238,239,zhg,female,111,2000-11-11,jmnrb@pitt.edu,9
239,240,zhg,female,111,2000-11-11,d1b62@pitt.edu,9
240,241,zhg,female,111,2000-11-11,wcgj1@pitt.edu,9
241,242,zhg,female,111,2000-11-11,u4777@pitt.edu,9
242,243,zhg,female,111,2000-11-11,gark1@pitt.edu,9
243,244,zhg,female,111,2000-11-11,7ctz8@pitt.edu,9
244,245,zhg,female,111,2000-11-11,9g25a@pitt.edu,9
245,246,zhg,female,111,2000-11-11,azs59@pitt.edu,9
246,247,zhg,female,111,2000-11-11,y6jil@pitt.edu,9
247,248,zhg,female,111,2000-11-11,pt9z8@pitt.edu,9
248,249,zhg,female,111,2000-11-11,omioz@pitt.edu,9
249,250,zhg,female,111,2000-11-11,pps7t@pitt.edu,9
250,251,zhg,female,111,2000-11-11,prptw@pitt.edu,9
251,252,zhg,female,111,2000-11-11,zgbvi@pitt.edu,9
252,253,zhg,female,111,2000-11-11,wakdj@pitt.edu,9
253,254,zhg,female,111,2000-11-11,m2f2b@pitt.edu,9
254,255,zhg,female,111,2000-11-11,w63dj@pitt.edu,9
255,256,zhg,female,111,2000-11-11,itn57@pitt.edu,9
256,257,zhg,female,111,2000-11-11,nxsjt@pitt.edu,9
257,258,zhg,female,111,2000-11-11,pvd12@pitt.edu,9
258,259,zhg,female,111,2000-11-11,adkta@pitt.edu,9
259,260,zhg,female,111,2000-11-11,r3dkz@pitt.edu,9
260,261,zhg,female,111,2000-11-11,8zh3o@pitt.edu,9
261,262,zhg,female,111,2000-11-11,af55y@pitt.edu,9
262,263,zhg,female,111,2000-11-11,mvgln@pitt.edu,9
263,264,zhg,female,111,2000-11-11,ksmz6@pitt.edu,9
264,265,zhg,female,111,2000-11-11,fceia@pitt.edu,9
265,266,zhg,female,111,2000-11-11,my3g6@pitt.edu,9
266,267,zhg,female,111,2000-11-11,xr9ri@pitt.edu,9
267,268,zhg,female,111,2000-11-11,ji5ap@pitt.edu,9
268,269,zhg,female,111,2000-11-11,clx8z@pitt.edu,9
269,270,zhg,female,111,2000-11-11,phaxm@pitt.edu,9
270,271,zhg,female,111,2000-11-11,zyvar@pitt.edu,9
271,272,zhg,female,111,2000-11-11,6zjhy@pitt.edu,9
272,273,zhg,female,111,2000-11-11,2r9bc@pitt.edu,9
273,274,zhg,female,111,2000-11-11,4kkrc@pitt.edu,9
274,275,zhg,female,111,2000-11-11,czg3p@pitt.edu,9
275,276,zhg,female,111,2000-11-11,vjl16@pitt.edu,9
276,277,zhg,female,111,2000-11-11,dd62e@pitt.edu,9
277,278,zhg,female,111,2000-11-11,ijwcf@pitt.edu,9
278,279,zhg,female,111,2000-11-11,t4yz8@pitt.edu,9
279,280,zhg,female,111,2000-11-11,ardq5@pitt.edu,9
280,281,zhg,female,111,2000-11-11,9xj47@pitt.edu,9
281,282,zhg,female,111,2000-11-11,hmtia@pitt.edu,9
282,283,zhg,female,111,2000-11-11,4mkxy@pitt.edu,9
283,284,zhg,female,111,2000-11-11,v2ujh@pitt.edu,9
284,285,zhg,female,111,2000-11-11,j3fpu@pitt.edu,9
285,286,zhg,female,111,2000-11-11,jc8m2@pitt.edu,9
286,287,zhg,female,111,2000-11-11,j9t64@pitt.edu,9
287,288,zhg,female,111,2000-11-11,t9k3e@pitt.edu,9
288,289,zhg,female,111,2000-11-11,fure7@pitt.edu,9
289,290,zhg,female,111,2000-11-11,9nrkj@pitt.edu,9
290,291,zhg,female,111,2000-11-11,pj31n@pitt.edu,9
291,292,zhg,female,111,2000-11-11,clksx@pitt.edu,9
292,293,zhg,female,111,2000-11-11,9hc6v@pitt.edu,9
293,294,zhg,female,111,2000-11-11,8fnmn@pitt.edu,9
294,295,zhg,female,111,2000-11-11,e8wn3@pitt.edu,9
295,296,zhg,female,111,2000-11-11,98pjw@pitt.edu,9
296,297,zhg,female,111,2000-11-11,89egw@pitt.edu,9
297,298,zhg,female,111,2000-11-11,iipwv@pitt.edu,9
298,299,zhg,female,111,2000-11-11,8w3y2@pitt.edu,9
299,300,zhg,female,111,2000-11-11,zgsqs@pitt.edu,9
300,301,zhg,female,111,2000-11-11,1gbwm@pitt.edu,9
301,302,zhg,female,111,2000-11-11,p2b2o@pitt.edu,9
302,303,zhg,female,111,2000-11-11,32vjx@pitt.edu,9
303,304,zhg,female,111,2000-11-11,l9uvo@pitt.edu,9
304,305,zhg,female,111,2000-11-11,e1nii@pitt.edu,9
305,306,zhg,female,111,2000-11-11,lwqqd@pitt.edu,9
306,307,zhg,female,111,2000-11-11,3hp6b@pitt.edu,9
307,308,zhg,female,111,2000-11-11,8f4xp@pitt.edu,9
308,309,zhg,female,111,2000-11-11,guk3y@pitt.edu,9
309,310,zhg,female,111,2000-11-11,r31m2@pitt.edu,9
310,311,zhg,female,111,2000-11-11,r9jva@pitt.edu,9
311,312,zhg,female,111,2000-11-11,yt67r@pitt.edu,9
312,313,zhg,female,111,2000-11-11,4w2eq@pitt.edu,9
313,314,zhg,female,111,2000-11-11,frf68@pitt.edu,9
314,315,zhg,female,111,2000-11-11,xlf8o@pitt.edu,9
315,316,zhg,female,111,2000-11-11,f7kei@pitt.edu,9
316,317,zhg,female,111,2000-11-11,6afcj@pitt.edu,9
317,318,zhg,female,111,2000-11-11,wg6nd@pitt.edu,9
318,319,zhg,female,111,2000-11-11,rgztu@pitt.edu,9
319,320,zhg,female,111,2000-11-11,cwqaj@pitt.edu,9
320,321,zhg,female,111,2000-11-11,l942d@pitt.edu,9
321,322,zhg,female,111,2000-11-11,mzw4p@pitt.edu,9
322,323,zhg,female,111,2000-11-11,eila1@pitt.edu,9
323,324,zhg,female,111,2000-11-11,jqlpp@pitt.edu,9
324,325,zhg,female,111,2000-11-11,a9pzk@pitt.edu,9
325,326,zhg,female,111,2000-11-11,7t61k@pitt.edu,9
326,327,zhg,female,111,2000-11-11,cn6im@pitt.edu,9
327,328,zhg,female,111,2000-11-11,cvvqa@pitt.edu,9
328,329,zhg,female,111,2000-11-11,muc5n@pitt.edu,9
329,330,zhg,female,111,2000-11-11,x7e6j@pitt.edu,9
330,331,zhg,female,111,2000-11-11,upleq@pitt.edu,9
331,332,zhg,female,111,2000-11-11,wgpoe@pitt.edu,9
332,333,zhg,female,111,2000-11-11,96yv3@pitt.edu,9
333,334,zhg,female,111,2000-11-11,d8ld6@pitt.edu,9
334,335,zhg,female,111,2000-11-11,ro5s3@pitt.edu,9
335,336,zhg,female,111,2000-11-11,rqxsu@pitt.edu,9
336,337,zhg,female,111,2000-11-11,1vvf7@pitt.edu,9
337,338,zhg,female,111,2000-11-11,chtah@pitt.edu,9
338,339,zhg,female,111,2000-11-11,so4dk@pitt.edu,9
339,340,zhg,female,111,2000-11-11,yx1ma@pitt.edu,9
340,341,zhg,female,111,2000-11-11,7jlya@pitt.edu,9
341,342,zhg,female,111,2000-11-11,katwe@pitt.edu,9
342,343,zhg,female,111,2000-11-11,k1996@pitt.edu,9
343,344,zhg,female,111,2000-11-11,t8s3d@pitt.edu,9
344,345,zhg,female,111,2000-11-11,63vz6@pitt.edu,9
345,346,zhg,female,111,2000-11-11,qosmk@pitt.edu,9
346,347,zhg,female,111,2000-11-11,bcyhy@pitt.edu,9
347,348,zhg,female,111,2000-11-11,h8xpg@pitt.edu,9
348,349,zhg,female,111,2000-11-11,5b4dp@pitt.edu,9
349,350,zhg,female,111,2000-11-11,cfztn@pitt.edu,9
350,351,zhg,female,111,2000-11-11,if2zl@pitt.edu,9
351,352,zhg,female,111,2000-11-11,ewwhj@pitt.edu,9
352,353,zhg,female,111,2000-11-11,jgy6s@pitt.edu,9
353,354,zhg,female,111,2000-11-11,iwb2p@pitt.edu,9
354,355,zhg,female,111,2000-11-11,93xoa@pitt.edu,9
355,356,zhg,female,111,2000-11-11,fh9la@pitt.edu,9
356,357,zhg,female,111,2000-11-11,t5sfx@pitt.edu,9
357,358,zhg,female,111,2000-11-11,tn1y1@pitt.edu,9
358,359,zhg,female,111,2000-11-11,g3stk@pitt.edu,9
359,360,zhg,female,111,2000-11-11,s3uog@pitt.edu,9
360,361,zhg,female,111,2000-11-11,eczlr@pitt.edu,9
361,362,zhg,female,111,2000-11-11,3412e@pitt.edu,9
362,363,zhg,female,111,2000-11-11,ipge7@pitt.edu,9
363,364,zhg,female,111,2000-11-11,sudtp@pitt.edu,9
364,365,zhg,female,111,2000-11-11,3oao7@pitt.edu,9
365,366,zhg,female,111,2000-11-11,2yx1k@pitt.edu,9
366,367,zhg,female,111,2000-11-11,mgtpv@pitt.edu,9
367,368,zhg,female,111,2000-11-11,zi2zx@pitt.edu,9
368,369,zhg,female,111,2000-11-11,jusxc@pitt.edu,9
369,370,zhg,female,111,2000-11-11,llvwe@pitt.edu,9
370,371,zhg,female,111,2000-11-11,71kjy@pitt.edu,9
371,372,zhg,female,111,2000-11-11,uqjo7@pitt.edu,9
372,373,zhg,female,111,2000-11-11,7ycfk@pitt.edu,9
373,374,zhg,female,111,2000-11-11,s5jqa@pitt.edu,9
374,375,zhg,female,111,2000-11-11,2c8u6@pitt.edu,9
375,376,zhg,female,111,2000-11-11,1soug@pitt.edu,9
376,377,zhg,female,111,2000-11-11,bt27j@pitt.edu,9
377,378,zhg,female,111,2000-11-11,pvq4e@pitt.edu,9
378,379,zhg,female,111,2000-11-11,jwd62@pitt.edu,9
379,380,zhg,female,111,2000-11-11,987o6@pitt.edu,9
380,381,zhg,female,111,2000-11-11,xknsx@pitt.edu,9
381,382,zhg,female,111,2000-11-11,n8rl5@pitt.edu,9
382,383,zhg,female,111,2000-11-11,1id3u@pitt.edu,9
383,384,zhg,female,111,2000-11-11,n3t7s@pitt.edu,9
384,385,zhg,female,111,2000-11-11,afaxl@pitt.edu,9
385,386,zhg,female,111,2000-11-11,ovh6w@pitt.edu,9
386,387,zhg,female,111,2000-11-11,pcqsj@pitt.edu,9
387,388,zhg,female,111,2000-11-11,6g6hd@pitt.edu,9
388,389,zhg,female,111,2000-11-11,19nmr@pitt.edu,9
389,390,zhg,female,111,2000-11-11,8cx8e@pitt.edu,9
390,391,zhg,female,111,2000-11-11,2qcce@pitt.edu,9
391,392,zhg,female,111,2000-11-11,wd5dp@pitt.edu,9
392,393,zhg,female,111,2000-11-11,5f4bo@pitt.edu,9
393,394,zhg,female,111,2000-11-11,4e58l@pitt.edu,9
394,395,zhg,female,111,2000-11-11,bzne2@pitt.edu,9
395,396,zhg,female,111,2000-11-11,mxdfh@pitt.edu,9
396,397,zhg,female,111,2000-11-11,a885j@pitt.edu,9
397,398,zhg,female,111,2000-11-11,em9e4@pitt.edu,9
398,399,zhg,female,111,2000-11-11,lm2ol@pitt.edu,9
399,400,zhg,female,111,2000-11-11,rshnp@pitt.edu,9
400,401,zhg,female,111,2000-11-11,a4e7j@pitt.edu,9
401,402,zhg,female,111,2000-11-11,rlpla@pitt.edu,9
402,403,zhg,female,111,2000-11-11,1hifz@pitt.edu,9
403,404,zhg,female,111,2000-11-11,pw2ia@pitt.edu,9
404,405,zhg,female,111,2000-11-11,i3quc@pitt.edu,9
405,406,zhg,female,111,2000-11-11,1uojr@pitt.edu,9
406,407,zhg,female,111,2000-11-11,tj3ds@pitt.edu,9
407,408,zhg,female,111,2000-11-11,8cmba@pitt.edu,9
408,409,zhg,female,111,2000-11-11,i62nj@pitt.edu,9
409,410,zhg,female,111,2000-11-11,6esdk@pitt.edu,9
410,411,zhg,female,111,2000-11-11,max4m@pitt.edu,9
411,412,zhg,female,111,2000-11-11,b4iyx@pitt.edu,9
412,413,zhg,female,111,2000-11-11,1kgps@pitt.edu,9
413,414,zhg,female,111,2000-11-11,qv2jc@pitt.edu,9
414,415,zhg,female,111,2000-11-11,9i3dr@pitt.edu,9
415,416,zhg,female,111,2000-11-11,3fxvl@pitt.edu,9
416,417,zhg,female,111,2000-11-11,raowi@pitt.edu,9
417,418,zhg,female,111,2000-11-11,hxe4w@pitt.edu,9
418,419,zhg,female,111,2000-11-11,iprdc@pitt.edu,9
419,420,zhg,female,111,2000-11-11,k147g@pitt.edu,9
420,421,zhg,female,111,2000-11-11,97r1u@pitt.edu,9
421,422,zhg,female,111,2000-11-11,fd7mb@pitt.edu,9
422,423,zhg,female,111,2000-11-11,h2obk@pitt.edu,9
423,424,zhg,female,111,2000-11-11,32cqq@pitt.edu,9
424,425,zhg,female,111,2000-11-11,r5kuz@pitt.edu,9
425,426,zhg,female,111,2000-11-11,e1o2k@pitt.edu,9
426,427,zhg,female,111,2000-11-11,pjua9@pitt.edu,9
427,428,zhg,female,111,2000-11-11,5dv1o@pitt.edu,9
428,429,zhg,female,111,2000-11-11,1da1r@pitt.edu,9
429,430,zhg,female,111,2000-11-11,i9z75@pitt.edu,9
430,431,zhg,female,111,2000-11-11,ij545@pitt.edu,9
431,432,zhg,female,111,2000-11-11,48a97@pitt.edu,9
432,433,zhg,female,111,2000-11-11,eov1y@pitt.edu,9
433,434,zhg,female,111,2000-11-11,d4kds@pitt.edu,9
434,435,zhg,female,111,2000-11-11,bbofx@pitt.edu,9
435,436,zhg,female,111,2000-11-11,atp9b@pitt.edu,9
436,437,zhg,female,111,2000-11-11,bkfnt@pitt.edu,9
437,438,zhg,female,111,2000-11-11,o39dy@pitt.edu,9
438,439,zhg,female,111,2000-11-11,y5n42@pitt.edu,9
439,440,zhg,female,111,2000-11-11,4wisr@pitt.edu,9
440,441,zhg,female,111,2000-11-11,dxdes@pitt.edu,9
441,442,zhg,female,111,2000-11-11,4sux8@pitt.edu,9
442,443,zhg,female,111,2000-11-11,p86y7@pitt.edu,9
443,444,zhg,female,111,2000-11-11,8iasq@pitt.edu,9
444,445,zhg,female,111,2000-11-11,c45ub@pitt.edu,9
445,446,zhg,female,111,2000-11-11,nbi6j@pitt.edu,9
446,447,zhg,female,111,2000-11-11,i2h2j@pitt.edu,9
447,448,zhg,female,111,2000-11-11,m6n44@pitt.edu,9
448,449,zhg,female,111,2000-11-11,z6946@pitt.edu,9
449,450,zhg,female,111,2000-11-11,b933w@pitt.edu,9
450,451,zhg,female,111,2000-11-11,xu3op@pitt.edu,9
451,452,zhg,female,111,2000-11-11,q4f76@pitt.edu,9
452,453,zhg,female,111,2000-11-11,s9utn@pitt.edu,9
453,454,zhg,female,111,2000-11-11,s3cuv@pitt.edu,9
454,455,zhg,female,111,2000-11-11,ajd36@pitt.edu,9
455,456,zhg,female,111,2000-11-11,c2bjt@pitt.edu,9
456,457,zhg,female,111,2000-11-11,h48ey@pitt.edu,9
457,458,zhg,female,111,2000-11-11,q6nve@pitt.edu,9
458,459,zhg,female,111,2000-11-11,sumhg@pitt.edu,9
459,460,zhg,female,111,2000-11-11,kfx4u@pitt.edu,9
460,461,zhg,female,111,2000-11-11,i7dxj@pitt.edu,9
461,462,zhg,female,111,2000-11-11,hwl1b@pitt.edu,9
462,463,zhg,female,111,2000-11-11,amza1@pitt.edu,9
463,464,zhg,female,111,2000-11-11,4u5ey@pitt.edu,9
464,465,zhg,female,111,2000-11-11,1b612@pitt.edu,9
465,466,zhg,female,111,2000-11-11,olr1x@pitt.edu,9
466,467,zhg,female,111,2000-11-11,nibro@pitt.edu,9
467,468,zhg,female,111,2000-11-11,q8h71@pitt.edu,9
468,469,zhg,female,111,2000-11-11,pzdqo@pitt.edu,9
469,470,zhg,female,111,2000-11-11,3pdn3@pitt.edu,9
470,471,zhg,female,111,2000-11-11,wjz3p@pitt.edu,9
471,472,zhg,female,111,2000-11-11,meggk@pitt.edu,9
472,473,zhg,female,111,2000-11-11,tbte6@pitt.edu,9
473,474,zhg,female,111,2000-11-11,ercrm@pitt.edu,9
474,475,zhg,female,111,2000-11-11,s63wa@pitt.edu,9
475,476,zhg,female,111,2000-11-11,kstdz@pitt.edu,9
476,477,zhg,female,111,2000-11-11,w9v3k@pitt.edu,9
477,478,zhg,female,111,2000-11-11,qhzr3@pitt.edu,9
478,479,zhg,female,111,2000-11-11,1elmr@pitt.edu,9
479,480,zhg,female,111,2000-11-11,da31z@pitt.edu,9
480,481,zhg,female,111,2000-11-11,fiywe@pitt.edu,9
481,482,zhg,female,111,2000-11-11,5u31i@pitt.edu,9
482,483,zhg,female,111,2000-11-11,zjvjv@pitt.edu,9
483,484,zhg,female,111,2000-11-11,uxm28@pitt.edu,9
484,485,zhg,female,111,2000-11-11,ykgp6@pitt.edu,9
485,486,zhg,female,111,2000-11-11,rqdsc@pitt.edu,9
486,487,zhg,female,111,2000-11-11,q8nwv@pitt.edu,9
487,488,zhg,female,111,2000-11-11,smis2@pitt.edu,9
488,489,zhg,female,111,2000-11-11,fwc87@pitt.edu,9
489,490,zhg,female,111,2000-11-11,najt8@pitt.edu,9
490,491,zhg,female,111,2000-11-11,gidhe@pitt.edu,9
491,492,zhg,female,111,2000-11-11,twu6p@pitt.edu,9
492,493,zhg,female,111,2000-11-11,da3ry@pitt.edu,9
493,494,zhg,female,111,2000-11-11,k7719@pitt.edu,9
494,495,zhg,female,111,2000-11-11,zlr9a@pitt.edu,9
495,496,zhg,female,111,2000-11-11,xr9y9@pitt.edu,9
496,497,zhg,female,111,2000-11-11,wau4u@pitt.edu,9
497,498,zhg,female,111,2000-11-11,5i1yo@pitt.edu,9
498,499,zhg,female,111,2000-11-11,njeg2@pitt.edu,9
499,500,zhg,female,111,2000-11-11,ptatk@pitt.edu,9
500,501,zhg,female,111,2000-11-11,ib43w@pitt.edu,9
501,502,zhg,female,111,2000-11-11,jwcj2@pitt.edu,9
502,503,zhg,female,111,2000-11-11,5pmyu@pitt.edu,9
503,504,zhg,female,111,2000-11-11,gdhej@pitt.edu,9
504,505,zhg,female,111,2000-11-11,ukjly@pitt.edu,9
505,506,zhg,female,111,2000-11-11,2n1dd@pitt.edu,9
506,507,zhg,female,111,2000-11-11,ixabp@pitt.edu,9
507,508,zhg,female,111,2000-11-11,uomzh@pitt.edu,9
508,509,zhg,female,111,2000-11-11,u4tvl@pitt.edu,9
509,510,zhg,female,111,2000-11-11,u47e8@pitt.edu,9
510,511,zhg,female,111,2000-11-11,bmbim@pitt.edu,9
511,512,zhg,female,111,2000-11-11,dcbiz@pitt.edu,9
512,513,zhg,female,111,2000-11-11,7okow@pitt.edu,9
513,514,zhg,female,111,2000-11-11,xcrip@pitt.edu,9
514,515,zhg,female,111,2000-11-11,4rwgp@pitt.edu,9
515,516,zhg,female,111,2000-11-11,tnfpp@pitt.edu,9
516,517,zhg,female,111,2000-11-11,2u1dg@pitt.edu,9
517,518,zhg,female,111,2000-11-11,kv1it@pitt.edu,9
518,519,zhg,female,111,2000-11-11,2bx4w@pitt.edu,9
519,520,zhg,female,111,2000-11-11,aubqa@pitt.edu,9
520,521,zhg,female,111,2000-11-11,2b3fa@pitt.edu,9
521,522,zhg,female,111,2000-11-11,fpclj@pitt.edu,9
522,523,zhg,female,111,2000-11-11,h6f35@pitt.edu,9
523,524,zhg,female,111,2000-11-11,7c5er@pitt.edu,9
524,525,zhg,female,111,2000-11-11,7xolx@pitt.edu,9
525,526,zhg,female,111,2000-11-11,t1deq@pitt.edu,9
526,527,zhg,female,111,2000-11-11,35nn6@pitt.edu,9
527,528,zhg,female,111,2000-11-11,vgl65@pitt.edu,9
528,529,zhg,female,111,2000-11-11,6pe3k@pitt.edu,9
529,530,zhg,female,111,2000-11-11,6pgdp@pitt.edu,9
530,531,zhg,female,111,2000-11-11,jbr5m@pitt.edu,9
531,532,zhg,female,111,2000-11-11,qgfiw@pitt.edu,9
532,533,zhg,female,111,2000-11-11,gln9k@pitt.edu,9
533,534,zhg,female,111,2000-11-11,mkrrd@pitt.edu,9
534,535,zhg,female,111,2000-11-11,sv34q@pitt.edu,9
535,536,zhg,female,111,2000-11-11,8c8y3@pitt.edu,9
536,537,zhg,female,111,2000-11-11,msnl2@pitt.edu,9
537,538,zhg,female,111,2000-11-11,xbpb9@pitt.edu,9
538,539,zhg,female,111,2000-11-11,4zroh@pitt.edu,9
539,540,zhg,female,111,2000-11-11,bjnhk@pitt.edu,9
540,541,zhg,female,111,2000-11-11,tbkpa@pitt.edu,9
541,542,zhg,female,111,2000-11-11,7f25m@pitt.edu,9
542,543,zhg,female,111,2000-11-11,bcm2t@pitt.edu,9
543,544,zhg,female,111,2000-11-11,yhvud@pitt.edu,9
544,545,zhg,female,111,2000-11-11,govvo@pitt.edu,9
545,546,zhg,female,111,2000-11-11,gur4m@pitt.edu,9
546,547,zhg,female,111,2000-11-11,v631v@pitt.edu,9
547,548,zhg,female,111,2000-11-11,21afy@pitt.edu,9
548,549,zhg,female,111,2000-11-11,qwiro@pitt.edu,9
549,550,zhg,female,111,2000-11-11,b5me2@pitt.edu,9
550,551,zhg,female,111,2000-11-11,7dfwu@pitt.edu,9
551,552,zhg,female,111,2000-11-11,ggbp6@pitt.edu,9
552,553,zhg,female,111,2000-11-11,5mbj4@pitt.edu,9
553,554,zhg,female,111,2000-11-11,tgg53@pitt.edu,9
554,555,zhg,female,111,2000-11-11,xcz1w@pitt.edu,9
555,556,zhg,female,111,2000-11-11,bpvrs@pitt.edu,9
556,557,zhg,female,111,2000-11-11,nhhva@pitt.edu,9
557,558,zhg,female,111,2000-11-11,4c3tq@pitt.edu,9
558,559,zhg,female,111,2000-11-11,q9drd@pitt.edu,9
559,560,zhg,female,111,2000-11-11,qcv46@pitt.edu,9
560,561,zhg,female,111,2000-11-11,s8mkn@pitt.edu,9
561,562,zhg,female,111,2000-11-11,q1uuu@pitt.edu,9
562,563,zhg,female,111,2000-11-11,chti9@pitt.edu,9
563,564,zhg,female,111,2000-11-11,y5rkz@pitt.edu,9
564,565,zhg,female,111,2000-11-11,4adct@pitt.edu,9
565,566,zhg,female,111,2000-11-11,kaq9l@pitt.edu,9
566,567,zhg,female,111,2000-11-11,99s5r@pitt.edu,9
567,568,zhg,female,111,2000-11-11,9podt@pitt.edu,9
568,569,zhg,female,111,2000-11-11,gnmwk@pitt.edu,9
569,570,zhg,female,111,2000-11-11,uzkyv@pitt.edu,9
570,571,zhg,female,111,2000-11-11,eaja1@pitt.edu,9
571,572,zhg,female,111,2000-11-11,yhchd@pitt.edu,9
572,573,zhg,female,111,2000-11-11,j4ika@pitt.edu,9
573,574,zhg,female,111,2000-11-11,tubwn@pitt.edu,9
574,575,zhg,female,111,2000-11-11,jyk21@pitt.edu,9
575,576,zhg,female,111,2000-11-11,kpskl@pitt.edu,9
576,577,zhg,female,111,2000-11-11,1x74g@pitt.edu,9
577,578,zhg,female,111,2000-11-11,65mun@pitt.edu,9
578,579,zhg,female,111,2000-11-11,ifzpm@pitt.edu,9
579,580,zhg,female,111,2000-11-11,hojoy@pitt.edu,9
580,581,zhg,female,111,2000-11-11,jcpip@pitt.edu,9
581,582,zhg,female,111,2000-11-11,urmkx@pitt.edu,9
582,583,zhg,female,111,2000-11-11,alg67@pitt.edu,9
583,584,zhg,female,111,2000-11-11,qr8g1@pitt.edu,9
584,585,zhg,female,111,2000-11-11,pz5jj@pitt.edu,9
585,586,zhg,female,111,2000-11-11,tx25j@pitt.edu,9
586,587,zhg,female,111,2000-11-11,32blj@pitt.edu,9
587,588,zhg,female,111,2000-11-11,jpv4m@pitt.edu,9
588,589,zhg,female,111,2000-11-11,bpkkg@pitt.edu,9
589,590,zhg,female,111,2000-11-11,46bxo@pitt.edu,9
590,591,zhg,female,111,2000-11-11,t6xgm@pitt.edu,9
591,592,zhg,female,111,2000-11-11,bioqm@pitt.edu,9
592,593,zhg,female,111,2000-11-11,grmte@pitt.edu,9
593,594,zhg,female,111,2000-11-11,5mc4u@pitt.edu,9
594,595,zhg,female,111,2000-11-11,ldj8z@pitt.edu,9
595,596,zhg,female,111,2000-11-11,xtax5@pitt.edu,9
596,597,zhg,female,111,2000-11-11,toyxl@pitt.edu,9
597,598,zhg,female,111,2000-11-11,cfrlt@pitt.edu,9
598,599,zhg,female,111,2000-11-11,9fyct@pitt.edu,9
599,600,zhg,female,111,2000-11-11,se2pu@pitt.edu,9
600,601,zhg,female,111,2000-11-11,u34g4@pitt.edu,9
601,602,zhg,female,111,2000-11-11,zmqes@pitt.edu,9
602,603,zhg,female,111,2000-11-11,jeebo@pitt.edu,9
603,604,zhg,female,111,2000-11-11,aet38@pitt.edu,9
604,605,zhg,female,111,2000-11-11,klbgl@pitt.edu,9
605,606,zhg,female,111,2000-11-11,s21yq@pitt.edu,9
606,607,zhg,female,111,2000-11-11,isz2g@pitt.edu,9
607,608,zhg,female,111,2000-11-11,euoug@pitt.edu,9
608,609,zhg,female,111,2000-11-11,lu3vr@pitt.edu,9
609,610,zhg,female,111,2000-11-11,qskyj@pitt.edu,9
610,611,zhg,female,111,2000-11-11,4aqz4@pitt.edu,9
611,612,zhg,female,111,2000-11-11,j58mb@pitt.edu,9
612,613,zhg,female,111,2000-11-11,7tjgw@pitt.edu,9
613,614,zhg,female,111,2000-11-11,fwua1@pitt.edu,9
614,615,zhg,female,111,2000-11-11,z2rn2@pitt.edu,9
615,616,zhg,female,111,2000-11-11,bwhvp@pitt.edu,9
616,617,zhg,female,111,2000-11-11,dmiqk@pitt.edu,9
617,618,zhg,female,111,2000-11-11,xjdmu@pitt.edu,9
618,619,zhg,female,111,2000-11-11,6n7px@pitt.edu,9
619,620,zhg,female,111,2000-11-11,o7vkk@pitt.edu,9
620,621,zhg,female,111,2000-11-11,avk1y@pitt.edu,9
621,622,zhg,female,111,2000-11-11,bti5z@pitt.edu,9
622,623,zhg,female,111,2000-11-11,75dmb@pitt.edu,9
623,624,zhg,female,111,2000-11-11,ea4zy@pitt.edu,9
624,625,zhg,female,111,2000-11-11,rklqa@pitt.edu,9
625,626,zhg,female,111,2000-11-11,x8ohy@pitt.edu,9
626,627,zhg,female,111,2000-11-11,9tilg@pitt.edu,9
627,628,zhg,female,111,2000-11-11,1ifku@pitt.edu,9
628,629,zhg,female,111,2000-11-11,touz6@pitt.edu,9
629,630,zhg,female,111,2000-11-11,peljo@pitt.edu,9
630,631,zhg,female,111,2000-11-11,j4ksb@pitt.edu,9
631,632,zhg,female,111,2000-11-11,d1h14@pitt.edu,9
632,633,zhg,female,111,2000-11-11,v2yf1@pitt.edu,9
633,634,zhg,female,111,2000-11-11,yba46@pitt.edu,9
634,635,zhg,female,111,2000-11-11,do2x3@pitt.edu,9
635,636,zhg,female,111,2000-11-11,gtzvq@pitt.edu,9
636,637,zhg,female,111,2000-11-11,49bry@pitt.edu,9
637,638,zhg,female,111,2000-11-11,xjvcp@pitt.edu,9
638,639,zhg,female,111,2000-11-11,q9p62@pitt.edu,9
639,640,zhg,female,111,2000-11-11,c9a1u@pitt.edu,9
640,641,zhg,female,111,2000-11-11,ijpu5@pitt.edu,9
641,642,zhg,female,111,2000-11-11,lss6m@pitt.edu,9
642,643,zhg,female,111,2000-11-11,dcvou@pitt.edu,9
643,644,zhg,female,111,2000-11-11,v1z2j@pitt.edu,9
644,645,zhg,female,111,2000-11-11,24as6@pitt.edu,9
645,646,zhg,female,111,2000-11-11,q1b9c@pitt.edu,9
646,647,zhg,female,111,2000-11-11,6rko2@pitt.edu,9
647,648,zhg,female,111,2000-11-11,sys39@pitt.edu,9
648,649,zhg,female,111,2000-11-11,h8xhh@pitt.edu,9
649,650,zhg,female,111,2000-11-11,jawao@pitt.edu,9
650,651,zhg,female,111,2000-11-11,6eofh@pitt.edu,9
651,652,zhg,female,111,2000-11-11,5o645@pitt.edu,9
652,653,zhg,female,111,2000-11-11,uko71@pitt.edu,9
653,654,zhg,female,111,2000-11-11,j1af8@pitt.edu,9
654,655,zhg,female,111,2000-11-11,oigtk@pitt.edu,9
655,656,zhg,female,111,2000-11-11,hl8cx@pitt.edu,9
656,657,zhg,female,111,2000-11-11,jeovv@pitt.edu,9
657,658,zhg,female,111,2000-11-11,6whqi@pitt.edu,9
658,659,zhg,female,111,2000-11-11,6zxqi@pitt.edu,9
659,660,zhg,female,111,2000-11-11,e1qut@pitt.edu,9
660,661,zhg,female,111,2000-11-11,2kfht@pitt.edu,9
661,662,zhg,female,111,2000-11-11,gzprc@pitt.edu,9
662,663,zhg,female,111,2000-11-11,r9clw@pitt.edu,9
663,664,zhg,female,111,2000-11-11,3d3ot@pitt.edu,9
664,665,zhg,female,111,2000-11-11,bnsqi@pitt.edu,9
665,666,zhg,female,111,2000-11-11,nlfw1@pitt.edu,9
666,667,zhg,female,111,2000-11-11,1xfns@pitt.edu,9
667,668,zhg,female,111,2000-11-11,6lius@pitt.edu,9
668,669,zhg,female,111,2000-11-11,6ib9h@pitt.edu,9
669,670,zhg,female,111,2000-11-11,mvmm9@pitt.edu,9
670,671,zhg,female,111,2000-11-11,1fh68@pitt.edu,9
671,672,zhg,female,111,2000-11-11,qzsvn@pitt.edu,9
672,673,zhg,female,111,2000-11-11,iqcdf@pitt.edu,9
673,674,zhg,female,111,2000-11-11,9qlax@pitt.edu,9
674,675,zhg,female,111,2000-11-11,vk2ps@pitt.edu,9
675,676,zhg,female,111,2000-11-11,1hm1y@pitt.edu,9
676,677,zhg,female,111,2000-11-11,legts@pitt.edu,9
677,678,zhg,female,111,2000-11-11,e48qs@pitt.edu,9
678,679,zhg,female,111,2000-11-11,ngwbs@pitt.edu,9
679,680,zhg,female,111,2000-11-11,lw8to@pitt.edu,9
680,681,zhg,female,111,2000-11-11,mkrp6@pitt.edu,9
681,682,zhg,female,111,2000-11-11,2svx7@pitt.edu,9
682,683,zhg,female,111,2000-11-11,kk845@pitt.edu,9
683,684,zhg,female,111,2000-11-11,wnt55@pitt.edu,9
684,685,zhg,female,111,2000-11-11,q4igl@pitt.edu,9
685,686,zhg,female,111,2000-11-11,rbgcq@pitt.edu,9
686,687,zhg,female,111,2000-11-11,tvb2s@pitt.edu,9
687,688,zhg,female,111,2000-11-11,r2grn@pitt.edu,9
688,689,zhg,female,111,2000-11-11,ga4z3@pitt.edu,9
689,690,zhg,female,111,2000-11-11,2t2kc@pitt.edu,9
690,691,zhg,female,111,2000-11-11,te8g7@pitt.edu,9
691,692,zhg,female,111,2000-11-11,4dok5@pitt.edu,9
692,693,zhg,female,111,2000-11-11,9stv3@pitt.edu,9
693,694,zhg,female,111,2000-11-11,t3z77@pitt.edu,9
694,695,zhg,female,111,2000-11-11,uqpup@pitt.edu,9
695,696,zhg,female,111,2000-11-11,dk7sx@pitt.edu,9
696,697,zhg,female,111,2000-11-11,f45pa@pitt.edu,9
697,698,zhg,female,111,2000-11-11,udg4a@pitt.edu,9
698,699,zhg,female,111,2000-11-11,e9gsy@pitt.edu,9
699,700,zhg,female,111,2000-11-11,5zsne@pitt.edu,9
700,701,zhg,female,111,2000-11-11,5rjlk@pitt.edu,9
701,702,zhg,female,111,2000-11-11,kagl7@pitt.edu,9
702,703,zhg,female,111,2000-11-11,78qiu@pitt.edu,9
703,704,zhg,female,111,2000-11-11,1iewa@pitt.edu,9
704,705,zhg,female,111,2000-11-11,1acrx@pitt.edu,9
705,706,zhg,female,111,2000-11-11,k9d2k@pitt.edu,9
706,707,zhg,female,111,2000-11-11,nos16@pitt.edu,9
707,708,zhg,female,111,2000-11-11,w2ljd@pitt.edu,9
708,709,zhg,female,111,2000-11-11,v62jc@pitt.edu,9
709,710,zhg,female,111,2000-11-11,iuc63@pitt.edu,9
710,711,zhg,female,111,2000-11-11,xx1sh@pitt.edu,9
711,712,zhg,female,111,2000-11-11,g4t2f@pitt.edu,9
712,713,zhg,female,111,2000-11-11,c9bm3@pitt.edu,9
713,714,zhg,female,111,2000-11-11,enqji@pitt.edu,9
714,715,zhg,female,111,2000-11-11,43van@pitt.edu,9
715,716,zhg,female,111,2000-11-11,ob72q@pitt.edu,9
716,717,zhg,female,111,2000-11-11,nv2a9@pitt.edu,9
717,718,zhg,female,111,2000-11-11,x5sx9@pitt.edu,9
718,719,zhg,female,111,2000-11-11,vdflj@pitt.edu,9
719,720,zhg,female,111,2000-11-11,ete7b@pitt.edu,9
720,721,zhg,female,111,2000-11-11,s9g3h@pitt.edu,9
721,722,zhg,female,111,2000-11-11,6g7q6@pitt.edu,9
722,723,zhg,female,111,2000-11-11,golnq@pitt.edu,9
723,724,zhg,female,111,2000-11-11,9uat2@pitt.edu,9
724,725,zhg,female,111,2000-11-11,ye88e@pitt.edu,9
725,726,zhg,female,111,2000-11-11,ecufu@pitt.edu,9
726,727,zhg,female,111,2000-11-11,npxu1@pitt.edu,9
727,728,zhg,female,111,2000-11-11,wdspe@pitt.edu,9
728,729,zhg,female,111,2000-11-11,8dzj6@pitt.edu,9
729,730,zhg,female,111,2000-11-11,gcqan@pitt.edu,9
730,731,zhg,female,111,2000-11-11,tiux5@pitt.edu,9
731,732,zhg,female,111,2000-11-11,9ftgf@pitt.edu,9
732,733,zhg,female,111,2000-11-11,u2oqg@pitt.edu,9
733,734,zhg,female,111,2000-11-11,tbllh@pitt.edu,9
734,735,zhg,female,111,2000-11-11,4ycrw@pitt.edu,9
735,736,zhg,female,111,2000-11-11,1qalg@pitt.edu,9
736,737,zhg,female,111,2000-11-11,bjsi4@pitt.edu,9
737,738,zhg,female,111,2000-11-11,e3x3v@pitt.edu,9
738,739,zhg,female,111,2000-11-11,n5cyi@pitt.edu,9
739,740,zhg,female,111,2000-11-11,p3gow@pitt.edu,9
740,741,zhg,female,111,2000-11-11,fniqq@pitt.edu,9
741,742,zhg,female,111,2000-11-11,hvfpd@pitt.edu,9
742,743,zhg,female,111,2000-11-11,fazwl@pitt.edu,9
743,744,zhg,female,111,2000-11-11,84kbb@pitt.edu,9
744,745,zhg,female,111,2000-11-11,sf88b@pitt.edu,9
745,746,zhg,female,111,2000-11-11,qnokb@pitt.edu,9
746,747,zhg,female,111,2000-11-11,xt5zl@pitt.edu,9
747,748,zhg,female,111,2000-11-11,32rv2@pitt.edu,9
748,749,zhg,female,111,2000-11-11,oeumh@pitt.edu,9
749,750,zhg,female,111,2000-11-11,8jj2u@pitt.edu,9
750,751,zhg,female,111,2000-11-11,e8l5t@pitt.edu,9
751,752,zhg,female,111,2000-11-11,i2hbh@pitt.edu,9
752,753,zhg,female,111,2000-11-11,w44ti@pitt.edu,9
753,754,zhg,female,111,2000-11-11,gla5q@pitt.edu,9
754,755,zhg,female,111,2000-11-11,mrc6t@pitt.edu,9
755,756,zhg,female,111,2000-11-11,x4kif@pitt.edu,9
756,757,zhg,female,111,2000-11-11,x6lsr@pitt.edu,9
757,758,zhg,female,111,2000-11-11,mqpmh@pitt.edu,9
758,759,zhg,female,111,2000-11-11,f7ptw@pitt.edu,9
759,760,zhg,female,111,2000-11-11,dr8ze@pitt.edu,9
760,761,zhg,female,111,2000-11-11,kklql@pitt.edu,9
761,762,zhg,female,111,2000-11-11,dtmq5@pitt.edu,9
762,763,zhg,female,111,2000-11-11,mo32l@pitt.edu,9
763,764,zhg,female,111,2000-11-11,bsp1p@pitt.edu,9
764,765,zhg,female,111,2000-11-11,paqmx@pitt.edu,9
765,766,zhg,female,111,2000-11-11,fb47h@pitt.edu,9
766,767,zhg,female,111,2000-11-11,vtpia@pitt.edu,9
767,768,zhg,female,111,2000-11-11,4xnwe@pitt.edu,9
768,769,zhg,female,111,2000-11-11,qyamb@pitt.edu,9
769,770,zhg,female,111,2000-11-11,wwcvs@pitt.edu,9
770,771,zhg,female,111,2000-11-11,bl1s9@pitt.edu,9
771,772,zhg,female,111,2000-11-11,gfjbd@pitt.edu,9
772,773,zhg,female,111,2000-11-11,d2sb9@pitt.edu,9
773,774,zhg,female,111,2000-11-11,5tydq@pitt.edu,9
774,775,zhg,female,111,2000-11-11,y16rn@pitt.edu,9
775,776,zhg,female,111,2000-11-11,z25ds@pitt.edu,9
776,777,zhg,female,111,2000-11-11,1kmef@pitt.edu,9
777,778,zhg,female,111,2000-11-11,t8urv@pitt.edu,9
778,779,zhg,female,111,2000-11-11,6di5r@pitt.edu,9
779,780,zhg,female,111,2000-11-11,tarif@pitt.edu,9
780,781,zhg,female,111,2000-11-11,qniy7@pitt.edu,9
781,782,zhg,female,111,2000-11-11,tdpth@pitt.edu,9
782,783,zhg,female,111,2000-11-11,2skyv@pitt.edu,9
783,784,zhg,female,111,2000-11-11,zz6bu@pitt.edu,9
784,785,zhg,female,111,2000-11-11,vdi77@pitt.edu,9
785,786,zhg,female,111,2000-11-11,kmwi2@pitt.edu,9
786,787,zhg,female,111,2000-11-11,jklj8@pitt.edu,9
787,788,zhg,female,111,2000-11-11,86qxl@pitt.edu,9
788,789,zhg,female,111,2000-11-11,3dxcl@pitt.edu,9
789,790,zhg,female,111,2000-11-11,xh7t9@pitt.edu,9
790,791,zhg,female,111,2000-11-11,r57hs@pitt.edu,9
791,792,zhg,female,111,2000-11-11,u64ey@pitt.edu,9
792,793,zhg,female,111,2000-11-11,p69ju@pitt.edu,9
793,794,zhg,female,111,2000-11-11,9ogfk@pitt.edu,9
794,795,zhg,female,111,2000-11-11,xkbey@pitt.edu,9
795,796,zhg,female,111,2000-11-11,wck52@pitt.edu,9
796,797,zhg,female,111,2000-11-11,g4lei@pitt.edu,9
797,798,zhg,female,111,2000-11-11,q69bp@pitt.edu,9
798,799,zhg,female,111,2000-11-11,dsue9@pitt.edu,9
799,800,zhg,female,111,2000-11-11,cg1gx@pitt.edu,9
800,801,zhg,female,111,2000-11-11,8plyo@pitt.edu,9
801,802,zhg,female,111,2000-11-11,e6aky@pitt.edu,9
802,803,zhg,female,111,2000-11-11,repw6@pitt.edu,9
803,804,zhg,female,111,2000-11-11,zki12@pitt.edu,9
804,805,zhg,female,111,2000-11-11,kfyas@pitt.edu,9
805,806,zhg,female,111,2000-11-11,rfj8v@pitt.edu,9
806,807,zhg,female,111,2000-11-11,q3zrl@pitt.edu,9
807,808,zhg,female,111,2000-11-11,7jraf@pitt.edu,9
808,809,zhg,female,111,2000-11-11,h67xm@pitt.edu,9
809,810,zhg,female,111,2000-11-11,7ha3p@pitt.edu,9
810,811,zhg,female,111,2000-11-11,ry6el@pitt.edu,9
811,812,zhg,female,111,2000-11-11,ultbi@pitt.edu,9
812,813,zhg,female,111,2000-11-11,wmru5@pitt.edu,9
813,814,zhg,female,111,2000-11-11,i5xz4@pitt.edu,9
814,815,zhg,female,111,2000-11-11,9ruib@pitt.edu,9
815,816,zhg,female,111,2000-11-11,wh4pe@pitt.edu,9
816,817,zhg,female,111,2000-11-11,ujfmv@pitt.edu,9
817,818,zhg,female,111,2000-11-11,do8kv@pitt.edu,9
818,819,zhg,female,111,2000-11-11,kukmx@pitt.edu,9
819,820,zhg,female,111,2000-11-11,g6aji@pitt.edu,9
820,821,zhg,female,111,2000-11-11,uk2ex@pitt.edu,9
821,822,zhg,female,111,2000-11-11,ehwqz@pitt.edu,9
822,823,zhg,female,111,2000-11-11,nwokz@pitt.edu,9
823,824,zhg,female,111,2000-11-11,xfzy3@pitt.edu,9
824,825,zhg,female,111,2000-11-11,w5nwa@pitt.edu,9
825,826,zhg,female,111,2000-11-11,z975b@pitt.edu,9
826,827,zhg,female,111,2000-11-11,rdw6v@pitt.edu,9
827,828,zhg,female,111,2000-11-11,7ikzk@pitt.edu,9
828,829,zhg,female,111,2000-11-11,qwo5t@pitt.edu,9
829,830,zhg,female,111,2000-11-11,nuhey@pitt.edu,9
830,831,zhg,female,111,2000-11-11,zjegs@pitt.edu,9
831,832,zhg,female,111,2000-11-11,ttaex@pitt.edu,9
832,833,zhg,female,111,2000-11-11,m9qvr@pitt.edu,9
833,834,zhg,female,111,2000-11-11,xamc1@pitt.edu,9
834,835,zhg,female,111,2000-11-11,aa8iz@pitt.edu,9
835,836,zhg,female,111,2000-11-11,jshrw@pitt.edu,9
836,837,zhg,female,111,2000-11-11,7su7r@pitt.edu,9
837,838,zhg,female,111,2000-11-11,cfkb7@pitt.edu,9
838,839,zhg,female,111,2000-11-11,tvjl6@pitt.edu,9
839,840,zhg,female,111,2000-11-11,9guiu@pitt.edu,9
840,841,zhg,female,111,2000-11-11,iyi5o@pitt.edu,9
841,842,zhg,female,111,2000-11-11,zeqmq@pitt.edu,9
842,843,zhg,female,111,2000-11-11,holhg@pitt.edu,9
843,844,zhg,female,111,2000-11-11,np1cx@pitt.edu,9
844,845,zhg,female,111,2000-11-11,bw5th@pitt.edu,9
845,846,zhg,female,111,2000-11-11,15hft@pitt.edu,9
846,847,zhg,female,111,2000-11-11,at5bm@pitt.edu,9
847,848,zhg,female,111,2000-11-11,rcofa@pitt.edu,9
848,849,zhg,female,111,2000-11-11,exrp5@pitt.edu,9
849,850,zhg,female,111,2000-11-11,cpbfb@pitt.edu,9
850,851,zhg,female,111,2000-11-11,xsieu@pitt.edu,9
851,852,zhg,female,111,2000-11-11,rzydj@pitt.edu,9
852,853,zhg,female,111,2000-11-11,h232o@pitt.edu,9
853,854,zhg,female,111,2000-11-11,f9tau@pitt.edu,9
854,855,zhg,female,111,2000-11-11,h4nw9@pitt.edu,9
855,856,zhg,female,111,2000-11-11,x47zo@pitt.edu,9
856,857,zhg,female,111,2000-11-11,wtlok@pitt.edu,9
857,858,zhg,female,111,2000-11-11,p6fqa@pitt.edu,9
858,859,zhg,female,111,2000-11-11,q59lx@pitt.edu,9
859,860,zhg,female,111,2000-11-11,wfksr@pitt.edu,9
860,861,zhg,female,111,2000-11-11,i8v7s@pitt.edu,9
861,862,zhg,female,111,2000-11-11,j9wzu@pitt.edu,9
862,863,zhg,female,111,2000-11-11,qg51q@pitt.edu,9
863,864,zhg,female,111,2000-11-11,qnn1w@pitt.edu,9
864,865,zhg,female,111,2000-11-11,oramb@pitt.edu,9
865,866,zhg,female,111,2000-11-11,jf7qb@pitt.edu,9
866,867,zhg,female,111,2000-11-11,ksutj@pitt.edu,9
867,868,zhg,female,111,2000-11-11,j3ve8@pitt.edu,9
868,869,zhg,female,111,2000-11-11,5e71n@pitt.edu,9
869,870,zhg,female,111,2000-11-11,qhkpw@pitt.edu,9
870,871,zhg,female,111,2000-11-11,lzrds@pitt.edu,9
871,872,zhg,female,111,2000-11-11,mq3v7@pitt.edu,9
872,873,zhg,female,111,2000-11-11,blqs7@pitt.edu,9
873,874,zhg,female,111,2000-11-11,mvnb5@pitt.edu,9
874,875,zhg,female,111,2000-11-11,kljuu@pitt.edu,9
875,876,zhg,female,111,2000-11-11,aebvg@pitt.edu,9
876,877,zhg,female,111,2000-11-11,av78t@pitt.edu,9
877,878,zhg,female,111,2000-11-11,sx47i@pitt.edu,9
878,879,zhg,female,111,2000-11-11,atu2s@pitt.edu,9
879,880,zhg,female,111,2000-11-11,8basf@pitt.edu,9
880,881,zhg,female,111,2000-11-11,trua8@pitt.edu,9
881,882,zhg,female,111,2000-11-11,ibzo9@pitt.edu,9
882,883,zhg,female,111,2000-11-11,fl31i@pitt.edu,9
883,884,zhg,female,111,2000-11-11,xo6c1@pitt.edu,9
884,885,zhg,female,111,2000-11-11,kh27x@pitt.edu,9
885,886,zhg,female,111,2000-11-11,3y1zc@pitt.edu,9
886,887,zhg,female,111,2000-11-11,3ju1e@pitt.edu,9
887,888,zhg,female,111,2000-11-11,v9f2n@pitt.edu,9
888,889,zhg,female,111,2000-11-11,lye5n@pitt.edu,9
889,890,zhg,female,111,2000-11-11,dehbj@pitt.edu,9
890,891,zhg,female,111,2000-11-11,dtpne@pitt.edu,9
891,892,zhg,female,111,2000-11-11,51d3r@pitt.edu,9
892,893,zhg,female,111,2000-11-11,9jhwp@pitt.edu,9
893,894,zhg,female,111,2000-11-11,rh15i@pitt.edu,9
894,895,zhg,female,111,2000-11-11,ymrh9@pitt.edu,9
895,896,zhg,female,111,2000-11-11,2dld5@pitt.edu,9
896,897,zhg,female,111,2000-11-11,wvoxc@pitt.edu,9
897,898,zhg,female,111,2000-11-11,xh8vb@pitt.edu,9
898,899,zhg,female,111,2000-11-11,v4krd@pitt.edu,9
899,900,zhg,female,111,2000-11-11,8xzm3@pitt.edu,9
900,901,zhg,female,111,2000-11-11,xyzmg@pitt.edu,9
901,902,zhg,female,111,2000-11-11,56byn@pitt.edu,9
902,903,zhg,female,111,2000-11-11,2buvc@pitt.edu,9
903,904,zhg,female,111,2000-11-11,xgisy@pitt.edu,9
904,905,zhg,female,111,2000-11-11,bnmzk@pitt.edu,9
905,906,zhg,female,111,2000-11-11,85cg7@pitt.edu,9
906,907,zhg,female,111,2000-11-11,ocwlh@pitt.edu,9
907,908,zhg,female,111,2000-11-11,jpybz@pitt.edu,9
908,909,zhg,female,111,2000-11-11,b9jxm@pitt.edu,9
909,910,zhg,female,111,2000-11-11,mc1rd@pitt.edu,9
910,911,zhg,female,111,2000-11-11,xigze@pitt.edu,9
911,912,zhg,female,111,2000-11-11,b3fbw@pitt.edu,9
912,913,zhg,female,111,2000-11-11,gtq6q@pitt.edu,9
913,914,zhg,female,111,2000-11-11,cuzcu@pitt.edu,9
914,915,zhg,female,111,2000-11-11,4qgvt@pitt.edu,9
915,916,zhg,female,111,2000-11-11,v783x@pitt.edu,9
916,917,zhg,female,111,2000-11-11,khezv@pitt.edu,9
917,918,zhg,female,111,2000-11-11,cncef@pitt.edu,9
918,919,zhg,female,111,2000-11-11,ogvcg@pitt.edu,9
919,920,zhg,female,111,2000-11-11,krcqe@pitt.edu,9
920,921,zhg,female,111,2000-11-11,oimyx@pitt.edu,9
921,922,zhg,female,111,2000-11-11,8bybo@pitt.edu,9
922,923,zhg,female,111,2000-11-11,jzbtl@pitt.edu,9
923,924,zhg,female,111,2000-11-11,1qhhv@pitt.edu,9
924,925,zhg,female,111,2000-11-11,msypc@pitt.edu,9
925,926,zhg,female,111,2000-11-11,fus86@pitt.edu,9
926,927,zhg,female,111,2000-11-11,fcj8b@pitt.edu,9
927,928,zhg,female,111,2000-11-11,zzs48@pitt.edu,9
928,929,zhg,female,111,2000-11-11,vx6s2@pitt.edu,9
929,930,zhg,female,111,2000-11-11,dsg1e@pitt.edu,9
930,931,zhg,female,111,2000-11-11,krrtt@pitt.edu,9
931,932,zhg,female,111,2000-11-11,23h73@pitt.edu,9
932,933,zhg,female,111,2000-11-11,1a4kv@pitt.edu,9
933,934,zhg,female,111,2000-11-11,edegm@pitt.edu,9
934,935,zhg,female,111,2000-11-11,ejpos@pitt.edu,9
935,936,zhg,female,111,2000-11-11,cempw@pitt.edu,9
936,937,zhg,female,111,2000-11-11,rnffl@pitt.edu,9
937,938,zhg,female,111,2000-11-11,x1mqe@pitt.edu,9
938,939,zhg,female,111,2000-11-11,fnsnd@pitt.edu,9
939,940,zhg,female,111,2000-11-11,yuyiu@pitt.edu,9
940,941,zhg,female,111,2000-11-11,2mqui@pitt.edu,9
941,942,zhg,female,111,2000-11-11,wp4qi@pitt.edu,9
942,943,zhg,female,111,2000-11-11,vh9nd@pitt.edu,9
943,944,zhg,female,111,2000-11-11,6fs2i@pitt.edu,9
944,945,zhg,female,111,2000-11-11,u6y1s@pitt.edu,9
945,946,zhg,female,111,2000-11-11,8xgoj@pitt.edu,9
946,947,zhg,female,111,2000-11-11,w8ecl@pitt.edu,9
947,948,zhg,female,111,2000-11-11,8odhf@pitt.edu,9
948,949,zhg,female,111,2000-11-11,1kq49@pitt.edu,9
949,950,zhg,female,111,2000-11-11,c3vkq@pitt.edu,9
950,951,zhg,female,111,2000-11-11,45j3r@pitt.edu,9
951,952,zhg,female,111,2000-11-11,zcebd@pitt.edu,9
952,953,zhg,female,111,2000-11-11,s52xr@pitt.edu,9
953,954,zhg,female,111,2000-11-11,1t4ep@pitt.edu,9
954,955,zhg,female,111,2000-11-11,xv3j9@pitt.edu,9
955,956,zhg,female,111,2000-11-11,59lkh@pitt.edu,9
956,957,zhg,female,111,2000-11-11,q6187@pitt.edu,9
957,958,zhg,female,111,2000-11-11,q2zxz@pitt.edu,9
958,959,zhg,female,111,2000-11-11,4p2kb@pitt.edu,9
959,960,zhg,female,111,2000-11-11,6ve6f@pitt.edu,9
960,961,zhg,female,111,2000-11-11,r1xhh@pitt.edu,9
961,962,zhg,female,111,2000-11-11,5nhnb@pitt.edu,9
962,963,zhg,female,111,2000-11-11,z48tu@pitt.edu,9
963,964,zhg,female,111,2000-11-11,fhaat@pitt.edu,9
964,965,zhg,female,111,2000-11-11,aycd9@pitt.edu,9
965,966,zhg,female,111,2000-11-11,vefz4@pitt.edu,9
966,967,zhg,female,111,2000-11-11,hvanr@pitt.edu,9
967,968,zhg,female,111,2000-11-11,an5wd@pitt.edu,9
968,969,zhg,female,111,2000-11-11,s7k8h@pitt.edu,9
969,970,zhg,female,111,2000-11-11,6zne8@pitt.edu,9
970,971,zhg,female,111,2000-11-11,hf2p2@pitt.edu,9
971,972,zhg,female,111,2000-11-11,lahpx@pitt.edu,9
972,973,zhg,female,111,2000-11-11,52w5m@pitt.edu,9
973,974,zhg,female,111,2000-11-11,ll5bn@pitt.edu,9
974,975,zhg,female,111,2000-11-11,44emg@pitt.edu,9
975,976,zhg,female,111,2000-11-11,k7dk7@pitt.edu,9
976,977,zhg,female,111,2000-11-11,47n48@pitt.edu,9
977,978,zhg,female,111,2000-11-11,v4o4v@pitt.edu,9
978,979,zhg,female,111,2000-11-11,z4i6n@pitt.edu,9
979,980,zhg,female,111,2000-11-11,im5jq@pitt.edu,9
980,981,zhg,female,111,2000-11-11,3a6bc@pitt.edu,9
981,982,zhg,female,111,2000-11-11,b9gfe@pitt.edu,9
982,983,zhg,female,111,2000-11-11,wkh2g@pitt.edu,9
983,984,zhg,female,111,2000-11-11,oaboq@pitt.edu,9
984,985,zhg,female,111,2000-11-11,r4oke@pitt.edu,9
985,986,zhg,female,111,2000-11-11,sdgxo@pitt.edu,9
986,987,zhg,female,111,2000-11-11,thef7@pitt.edu,9
987,988,zhg,female,111,2000-11-11,pckcu@pitt.edu,9
988,989,zhg,female,111,2000-11-11,4lwvp@pitt.edu,9
989,990,zhg,female,111,2000-11-11,jhuqj@pitt.edu,9
990,991,zhg,female,111,2000-11-11,lhw5u@pitt.edu,9
991,992,zhg,female,111,2000-11-11,b58wx@pitt.edu,9
992,993,zhg,female,111,2000-11-11,xz9y2@pitt.edu,9
993,994,zhg,female,111,2000-11-11,stfhd@pitt.edu,9
994,995,zhg,female,111,2000-11-11,iciop@pitt.edu,9
995,996,zhg,female,111,2000-11-11,hfs4c@pitt.edu,9
996,997,zhg,female,111,2000-11-11,iheow@pitt.edu,9
997,998,zhg,female,111,2000-11-11,crzif@pitt.edu,9
998,999,zhg,female,111,2000-11-11,9ygpg@pitt.edu,9
999,1000,zhg,female,111,2000-11-11,ybhl2@pitt.edu,9
1000,1001,zhg,female,111,2000-11-11,zhg26@pitt.edu,9
